fold,train_start,train_end,test_start,test_end,beta,alpha,eg_pvalue,johansen_rank,k_ar_diff,half_life,half_life_arma,arma_ma,theta,ou_valid,spread_mean,spread_std,tradeable,skip_reason,n_trades,gross_pnl,cost,net_pnl
0,2007-07-30,2010-08-30,2010-09-30,2011-04-01,1.0288477626224144,-1.8241247917844503,0.005060661184846172,1,0,6.98526189304832,8.497554097896955,-0.09615108914086208,0.09922994887990673,True,2.2556912246352386e-15,2.0738749082543966,True,,1,-5.171573144919542,0.6086543287867243,-5.780227473706264
1,2008-01-29,2011-03-02,2011-04-04,2011-10-12,1.0025148317739103,-0.8386118277333889,0.8932210883162652,0,0,24.00734781003327,32.656257232190605,-0.12033770761558893,0.028872293018150957,True,-4.541458332265614e-14,3.4296509992086777,False,EG p-value 0.893 > 0.10 (no cointegration in train),0,0.0,0.0,0.0
2,2008-07-29,2011-09-09,2011-10-13,2012-04-17,0.8033191931372623,12.5083525900408,0.7390035272295702,0,0,41.044184112139966,70.39773267969564,-0.09988727638393846,0.01688782943440037,True,-2.8872847675331054e-14,5.612328687823463,False,EG p-value 0.739 > 0.10 (no cointegration in train),0,0.0,0.0,0.0
3,2009-02-03,2012-03-16,2012-04-18,2012-10-19,0.689587893352711,21.006064540800395,0.09912401555079953,0,0,33.26928411659578,38.816508153065385,0.05364159717307877,0.020834448319679396,True,-3.0827780070014927e-15,4.852474424104378,True,,0,0.0,0.0,0.0
4,2009-08-25,2012-09-18,2012-10-22,2013-05-01,0.5793307256729858,31.781270791805337,0.050130576281979033,0,0,23.491684204656366,21.917726145328622,0.016677146242041436,0.029506065828288047,True,-5.849759242554052e-14,4.061564524107205,True,,1,6.114484071167786,0.34483268141824647,5.769651389749538
5,2010-03-01,2013-04-02,2013-05-02,2013-11-06,0.5556190379004177,33.35418401000962,0.08290073752845101,0,0,26.763661594716766,26.144609326956587,-0.0041522894725442685,0.025898817249160513,True,-1.6684596091551982e-13,4.486042073719964,True,,1,7.491326302360492,0.4666857113701253,7.02464059099037
6,2010-08-31,2013-10-07,2013-11-07,2014-05-15,0.6035749529697658,29.239094151354045,0.3643479238057081,0,0,45.17846723696025,43.95708115382623,-0.020046514241903252,0.01534242356927252,True,-2.839163354740887e-13,5.4720982784830134,False,EG p-value 0.364 > 0.10 (no cointegration in train),0,0.0,0.0,0.0
7,2011-03-03,2014-04-15,2014-05-16,2014-11-12,0.704343291427979,18.433844011935662,0.49744699300226136,1,0,55.14929053317246,54.288074946868406,-0.03222591796578674,0.012568560245448945,True,2.0782435149639333e-13,5.623876419970538,False,EG p-value 0.497 > 0.10 (no cointegration in train),0,0.0,0.0,0.0
8,2011-09-12,2014-10-14,2014-11-13,2015-05-15,0.5892810946513081,32.25498005606285,0.3603163126393144,0,0,44.704283871347286,64.77379480757142,-0.07178477670408973,0.015505162381187595,True,4.234684325715221e-13,5.595515480783008,False,EG p-value 0.360 > 0.10 (no cointegration in train),0,0.0,0.0,0.0
9,2012-03-19,2015-04-16,2015-05-18,2015-11-12,0.8414665943913211,5.241562561189717,0.5448085038034998,0,0,56.51129443484951,66.514136561201,-0.1137278367964801,0.012265639771516077,True,-8.496436946126065e-14,5.422650515889433,False,EG p-value 0.545 > 0.10 (no cointegration in train),0,0.0,0.0,0.0
10,2012-09-19,2015-10-14,2015-11-13,2016-05-16,0.8770905208510461,2.4655041722999878,0.4268542811602953,0,0,50.949527947726715,66.60199617178854,-0.11528699767532753,0.013604584938865412,True,1.1594252894625126e-13,5.0716109504553035,False,EG p-value 0.427 > 0.10 (no cointegration in train),0,0.0,0.0,0.0
11,2013-04-03,2016-04-15,2016-05-17,2016-11-15,0.9300675653817976,-0.27974711247694395,0.015445063618539718,0,0,16.24086951523963,22.38131184481779,-0.1112168918480386,0.042679191524168714,True,7.923115426531276e-14,2.7737509864852665,True,,0,0.0,0.0,0.0
12,2013-10-08,2016-10-14,2016-11-16,2017-05-18,0.9094155869094971,1.2922982490982635,0.022647724299979966,1,0,15.32811085202216,19.58235306201595,-0.1158896562374323,0.04522065290704118,True,-5.423057652560553e-14,2.474171509024929,True,,0,0.0,0.0,0.0
13,2014-04-16,2017-04-19,2017-05-19,2017-11-15,0.9338827271844063,0.28503099152204364,0.004391769627247939,1,1,11.01743571482434,16.106269472089362,-0.16503873314626555,0.06291365781488445,True,-1.3684526762787114e-14,1.902524887645327,True,,0,0.0,0.0,0.0
14,2014-10-15,2017-10-17,2017-11-16,2018-05-18,0.8982400853728467,1.9926625631143369,0.011685192426812558,2,1,12.987384025743518,24.647674492939014,-0.19344547430398598,0.053370808100075655,True,-9.624282558443685e-15,1.839205273073555,True,,0,0.0,0.0,0.0
15,2015-04-17,2018-04-19,2018-05-21,2018-11-15,0.8705112018508371,3.503496277940155,0.012343181010340896,1,0,11.407394421044225,18.0640906213045,-0.15829449074924906,0.06076297136541852,True,9.084796407218424e-14,1.364515108907715,True,,3,2.325676437456614,0.8917300408328768,1.433946396623737
16,2015-10-15,2018-10-17,2018-11-16,2019-05-21,0.8497999712530019,4.698101354247974,0.041236117343024334,1,0,12.094339825062391,16.270749136246838,-0.14205862451143575,0.05731170039753447,True,8.571626653613907e-15,1.419765586041302,True,,1,-2.4980029542596442,0.7399199885012009,-3.1454329441981947
17,2016-04-18,2019-04-22,2019-05-22,2019-11-18,0.7994869151516459,7.227339880587241,0.2286639107756292,0,0,23.689951139152363,31.383151620817173,-0.13371473250219515,0.029259122422349848,True,-2.0752359266644195e-14,1.9472044683340919,False,EG p-value 0.229 > 0.10 (no cointegration in train),0,0.0,0.0,0.0
18,2016-10-17,2019-10-18,2019-11-19,2020-05-20,0.8099150919141136,6.2400187222918735,0.2084324560703168,0,1,24.715550699097324,34.045557166370486,-0.14374929280089457,0.0280449822461476,True,-4.300851268304522e-14,2.0019287015412384,False,EG p-value 0.208 > 0.10 (no cointegration in train),0,0.0,0.0,0.0
19,2017-04-20,2020-04-21,2020-05-21,2020-11-17,0.8973646707703562,0.2615397947013711,0.7094571512031866,0,0,28.585764096727733,50.65482017667228,-0.17458590637834884,0.024247985053486507,True,3.320257975843223e-14,2.0225292581272103,False,EG p-value 0.709 > 0.10 (no cointegration in train),0,0.0,0.0,0.0
20,2017-10-18,2020-10-19,2020-11-18,2021-05-20,0.9024252680558423,-0.12228139394870063,0.17046458516466984,0,0,19.113826888958727,25.04385077901431,-0.13828811554895903,0.036264175907146465,True,-3.2939067220666895e-15,2.0621909745808216,False,EG p-value 0.170 > 0.10 (no cointegration in train),0,0.0,0.0,0.0
21,2018-04-20,2021-04-21,2021-05-21,2021-11-17,0.888644070853096,0.8811135147007864,0.18372486492111267,0,0,21.147652789535666,29.86557890405504,-0.16012159130395134,0.03277655385485287,True,5.872565127341755e-14,2.1651478830255617,False,EG p-value 0.184 > 0.10 (no cointegration in train),0,0.0,0.0,0.0
22,2018-10-18,2021-10-19,2021-11-18,2022-05-19,0.948049929826401,-1.9096419355853687,0.5372145374820855,0,0,35.79956058716941,65.25824976306191,-0.16453929324784902,0.0193618907380771,True,-4.095737729838352e-14,2.550101194221318,False,EG p-value 0.537 > 0.10 (no cointegration in train),0,0.0,0.0,0.0
23,2019-04-23,2022-04-20,2022-05-20,2022-11-17,1.000279802487003,-3.983655662448272,0.04229238553499704,1,0,17.674110542697978,24.873590247704804,-0.09858542928761221,0.039218221414051166,True,5.420829348315466e-14,2.063748996884542,True,,5,-5.767302145885038,1.4502238419896023,-7.11751199775029
24,2019-10-21,2022-10-19,2022-11-18,2023-05-22,0.9931685249133553,-3.1464669342964857,0.00018533095048268165,1,0,8.047867348099002,10.669036226410427,-0.12109054628167441,0.08612805735716737,True,2.3189103323349495e-14,1.7997836530203613,True,,1,4.041761766104099,0.2989752787370033,3.842444913612764
25,2020-04-22,2023-04-21,2023-05-23,2023-11-20,0.9746514663082437,-1.8209562191650506,0.10805627135113399,1,0,8.129722450040179,12.367839764125646,-0.148314622899986,0.08526086650799741,True,9.32352372849232e-15,1.7702805822446945,False,EG p-value 0.108 > 0.10 (no cointegration in train),0,0.0,0.0,0.0
26,2020-10-20,2023-10-20,2023-11-21,2024-05-22,0.9726938375606222,-1.6421385526471863,0.2954323062976788,1,0,8.284527522251059,11.598202281653828,-0.15223973543079108,0.08366767793314113,True,-5.1129001091732074e-14,1.7017581440900467,False,EG p-value 0.295 > 0.10 (no cointegration in train),0,0.0,0.0,0.0
27,2021-04-22,2024-04-23,2024-05-23,2024-11-20,0.9838748780701725,-2.7800690631463887,0.41265867287708385,1,0,8.219582575631566,11.73770168506657,-0.1633614932698887,0.08432875686593927,True,1.0421293457814802e-13,1.7398504167434647,False,EG p-value 0.413 > 0.10 (no cointegration in train),0,0.0,0.0,0.0
28,2021-10-20,2024-10-22,2024-11-21,2025-05-23,1.0013916152441273,-4.466294892861719,0.1539458605018892,1,0,6.849346348766811,10.094080993005667,-0.16091327673832867,0.10119902619389992,True,-6.99264279636924e-14,1.639896640167717,False,EG p-value 0.154 > 0.10 (no cointegration in train),0,0.0,0.0,0.0
29,2022-04-21,2025-04-24,2025-05-27,2025-11-20,0.9903913556049712,-3.624204576615319,0.23012398286746144,1,0,6.63442098686997,10.247989271219906,-0.1908079538243817,0.10447741889333477,True,-1.4210854715202004e-13,1.4650450114859823,False,EG p-value 0.230 > 0.10 (no cointegration in train),0,0.0,0.0,0.0
30,2022-10-20,2025-10-22,2025-11-21,2026-05-26,0.931375504593585,1.2267636126123151,0.0010932194081574175,1,1,9.422479032770246,15.090605874944831,-0.1910731032658912,0.07356314385516412,True,4.041446777471469e-14,1.0963963749940704,True,,6,13.453760517278507,1.3519628532155097,12.101797664062996
